# Old path, New path
/career-uplift-services/certify-and-thrive-program,/programs/cybersecurity/
/career-uplift-services/secure-your-future--security---safety-training,/programs/electrical-trades/
/career-uplift-services/healthcare-training,/programs/healthcare-cna/
/career-uplift-services/cloud-computing-training,/programs/cloud-computing/
/career-uplift-services/construction-skills-training,/programs/construction/
/career-uplift-services/beauty-and-wellness,/programs/beauty-wellness/
/programs/cna-hha,/programs/healthcare-cna/
/programs/electrical,/programs/electrical-trades/
/programs/beauty,/programs/beauty-wellness/
/blog.php,/blog/
/blog?p=4,/blog/
/about-us,/about/
/contact-us,/contact/
/employer,/employers/
/about,/about/
/programs,/programs/
/contact,/contact/
/employers,/employers/
/index.html,/